,pricing,size,address,link
0,"$4,800,000","6 bds5 ba3,958 sqft - House for sale","1151 83rd St, Brooklyn, NY 11228",https://www.zillow.com/homedetails/1151-83rd-St-Brooklyn-NY-11228/30709746_zpid/
1,"$3,295,000","7 bds5 ba3,563 sqft - House for sale","144 Westminster Rd, Brooklyn, NY 11218",https://www.zillow.com/homedetails/144-Westminster-Rd-Brooklyn-NY-11218/30666659_zpid/
2,"$650,000","3 bds2 ba1,040 sqft - Condo for sale","3814 Shore Pkwy #3C, Brooklyn, NY 11235",https://www.zillow.com/homedetails/3814-Shore-Pkwy-3C-Brooklyn-NY-11235/82770594_zpid/
3,"$499,000","3 bds2 ba1,232 sqft - House for sale","120 Essex St, Brooklyn, NY 11208",https://www.zillow.com/homedetails/120-Essex-St-Brooklyn-NY-11208/30637455_zpid/
4,"$240,000",2 bds1 ba870 sqft - Condo for sale,"2555 Batchelder St APT 2A, Brooklyn, NY 11235",https://www.zillow.com/homedetails/2555-Batchelder-St-APT-2A-Brooklyn-NY-11235/245031071_zpid/
5,"$1,695,000","4 bds4 ba4,000 sqft - House for sale","1133 E 22nd St, Brooklyn, NY 11210",https://www.zillow.com/homedetails/1133-E-22nd-St-Brooklyn-NY-11210/30752159_zpid/
6,"$759,000","3 bds3 ba2,000 sqft - House for sale","4809 Foster Ave, Brooklyn, NY 11203",https://www.zillow.com/homedetails/4809-Foster-Ave-Brooklyn-NY-11203/30656522_zpid/
7,"$848,888","3 bds3 ba1,827 sqft - House for sale","1717 E 34th St, Brooklyn, NY 11234",https://www.zillow.com/homedetails/1717-E-34th-St-Brooklyn-NY-11234/30756916_zpid/
8,"$1,179,000","5 bds5 ba2,240 sqft - House for sale","50 Barbey St, Brooklyn, NY 11207",https://www.zillow.com/homedetails/50-Barbey-St-Brooklyn-NY-11207/30636718_zpid/
9,"$110,000","Studio 1 ba2,400 sqft - Apartment for sale","7416 20th Ave, Brooklyn, NY 11204",https://www.zillow.com/homedetails/7416-20th-Ave-Brooklyn-NY-11204/30705737_zpid/
10,"$1,450,000","6 bds2 ba2,653 sqft - Multi-family home for sale","429 Halsey St, Brooklyn, NY 11233",https://www.zillow.com/homedetails/429-Halsey-St-Brooklyn-NY-11233/30604687_zpid/
11,"$4,250,000","4 bds5 ba4,500 sqft - House for sale","7 Arlington Pl, Brooklyn, NY 11216",https://www.zillow.com/homedetails/7-Arlington-Pl-Brooklyn-NY-11216/30610691_zpid/
12,"$1,050,000","3 bds3 ba1,680 sqft - House for sale","2411 E 4th St, Brooklyn, NY 11223",https://www.zillow.com/homedetails/2411-E-4th-St-Brooklyn-NY-11223/30738981_zpid/
13,"$509,000",1 bd1 ba-- sqft - Condo for sale,"2025 Ocean Ave APT 2A, Brooklyn, NY 11230",https://www.zillow.com/homedetails/2025-Ocean-Ave-APT-2A-Brooklyn-NY-11230/2060424794_zpid/
14,"$848,000",3 bds2 ba-- sqft - Multi-family home for sale,"2382 Brigham Street, Sheepshead Bay, NY 11229",https://www.zillow.com/homedetails/2382-Brigham-St-Brooklyn-NY-11229/30747501_zpid/
15,"$200,000","5 bds2 ba1,056 sqft - House for sale","16 Matthews Pl, Brooklyn, NY 11236",https://www.zillow.com/homedetails/16-Matthews-Pl-Brooklyn-NY-11236/30778141_zpid/
16,"$500,000",2 bds1 ba629 sqft - Condo for sale,"458 E 25th St #102, Brooklyn, NY 11226",https://www.zillow.com/homedetails/458-E-25th-St-102-Brooklyn-NY-11226/2064287235_zpid/
17,"$2,788,000","4 bds4 ba3,960 sqft - Townhouse for sale","68 Sterling St, Brooklyn, NY 11225",https://www.zillow.com/homedetails/68-Sterling-St-Brooklyn-NY-11225/30595088_zpid/
18,"$250,000",Studio 1 ba-- sqft - Condo for sale,"100 Remsen St APT 1E, Brooklyn, NY 11201",https://www.zillow.com/homedetails/100-Remsen-St-APT-1E-Brooklyn-NY-11201/216112065_zpid/
19,"$638,000","3 bds2 ba1,290 sqft - House for sale","568 E 31st St, Brooklyn, NY 11210",https://www.zillow.com/homedetails/568-E-31st-St-Brooklyn-NY-11210/30663653_zpid/
20,"$2,150,000","5 bds4 ba2,400 sqft - Multi-family home for sale","410 Decatur St, Brooklyn, NY 11233",https://www.zillow.com/homedetails/410-Decatur-St-Brooklyn-NY-11233/30606116_zpid/
21,"$697,500","3 bds2 ba1,215 sqft - House for sale","1231 E 88th St, Brooklyn, NY 11236",https://www.zillow.com/homedetails/1231-E-88th-St-Brooklyn-NY-11236/30771437_zpid/
22,"$599,000","3 bds2 ba1,071 sqft - Condo for sale","118 Schenectady Ave APT 409, Brooklyn, NY 11213",https://www.zillow.com/homedetails/118-Schenectady-Ave-APT-409-Brooklyn-NY-11213/2067540519_zpid/
23,"$1,700,000","4 bds4 ba2,480 sqft - Multi-family home for sale","1970 71st St, Brooklyn, NY 11204",https://www.zillow.com/homedetails/1970-71st-St-Brooklyn-NY-11204/30704057_zpid/
24,"$2,900,000","5 bds5 ba2,944 sqft - House for sale","2318 Avenue P, Brooklyn, NY 11229",https://www.zillow.com/homedetails/2318-Avenue-P-Brooklyn-NY-11229/30727037_zpid/
25,"$1,385,000","4 bds3 ba1,712 sqft - House for sale","9111 Colonial Rd, Brooklyn, NY 11209",https://www.zillow.com/homedetails/9111-Colonial-Rd-Brooklyn-NY-11209/30700819_zpid/
26,"$969,000","3 bds2 ba1,890 sqft - House for sale","2316 Avenue T, Brooklyn, NY 11229",https://www.zillow.com/homedetails/2316-Avenue-T-Brooklyn-NY-11229/30743413_zpid/
27,"$525,000","1 bd1 ba5,500 sqft - Condo for sale","85 8th Ave #4, Brooklyn, NY 11215",https://www.zillow.com/homedetails/85-8th-Ave-4-Brooklyn-NY-11215/30586862_zpid/
28,"$599,000","3 bds2 ba1,250 sqft - Condo for sale","2928 W 5th St APT 6P, Brooklyn, NY 11224",https://www.zillow.com/homedetails/2928-W-5th-St-APT-6P-Brooklyn-NY-11224/245016908_zpid/
29,"$2,395,000","4 bds4 ba2,505 sqft - Townhouse for sale","1449 Dean St, Brooklyn, NY 11213",https://www.zillow.com/homedetails/1449-Dean-St-Brooklyn-NY-11213/30591229_zpid/
30,"$850,000","2 bds2 ba1,320 sqft - Condo for sale","1273 Dekalb Ave #1, Brooklyn, NY 11221",https://www.zillow.com/homedetails/1273-Dekalb-Ave-1-Brooklyn-NY-11221/300076726_zpid/
31,"$1,725,000","4 bds3 ba1,738 sqft - Condo for sale","922 8th Ave #1, Brooklyn, NY 11215",https://www.zillow.com/homedetails/922-8th-Ave-1-Brooklyn-NY-11215/2060986809_zpid/
32,"$1,079,000","2 bds3 ba1,938 sqft - Multi-family home for sale","7023 Ridge Crest Ter, Brooklyn, NY 11209",https://www.zillow.com/homedetails/7023-Ridge-Crest-Ter-Brooklyn-NY-11209/30693023_zpid/
33,"$1,599,000","5 bds5 ba2,500 sqft - House for sale","1445 E 26th St, Brooklyn, NY 11210",https://www.zillow.com/homedetails/1445-E-26th-St-Brooklyn-NY-11210/30755642_zpid/
34,"$1,650,000","2 bds2 ba1,109 sqft - Condo for sale","563 Carroll St #3, Brooklyn, NY 11215",https://www.zillow.com/homedetails/563-Carroll-St-3-Brooklyn-NY-11215/245028191_zpid/
35,"$848,888","3 bds3 ba1,827 sqft - House for sale","1717 E 34th St, Brooklyn, NY 11234",https://www.zillow.com/homedetails/1717-E-34th-St-Brooklyn-NY-11234/30756916_zpid/
36,"$670,000",1 bd1 ba-- sqft - Condo for sale,"150 Joralemon St #2C, Brooklyn, NY 11201",https://www.zillow.com/homedetails/150-Joralemon-St-2C-Brooklyn-NY-11201/79721792_zpid/
37,"$4,988,888","-- bds7 ba7,720 sqft - Multi-family home for sale","739 Grand St, Brooklyn, NY 11211",https://www.zillow.com/homedetails/739-Grand-St-Brooklyn-NY-11211/245522030_zpid/
38,"$1,199,000","-- bds2 ba3,300 sqft - House for sale","1772 Nostrand Ave, Brooklyn, NY 11226",https://www.zillow.com/homedetails/1772-Nostrand-Ave-Brooklyn-NY-11226/30668842_zpid/
39,"$850,000","2 bds2 ba1,100 sqft - Condo for sale","100 Remsen St APT 2A, Brooklyn, NY 11201",https://www.zillow.com/homedetails/100-Remsen-St-APT-2A-Brooklyn-NY-11201/245016155_zpid/
40,"$1,498,888","5 bds2 ba2,080 sqft - Multi-family home for sale","518 62nd St, Brooklyn, NY 11220",https://www.zillow.com/homedetails/518-62nd-St-Brooklyn-NY-11220/30691084_zpid/
41,"$1,850,000","3 bds3 ba2,100 sqft - Condo for sale","117 Prospect Park W APT 1, Brooklyn, NY 11215",https://www.zillow.com/homedetails/117-Prospect-Park-W-APT-1-Brooklyn-NY-11215/245016241_zpid/
42,"$399,999","3 bds1 ba1,134 sqft - House for sale","64 Nolans Lane, Canarsie, NY 11236",https://www.zillow.com/homedetails/64-Nolans-Ln-Brooklyn-NY-11236/2060433787_zpid/
43,"$1,080,000","3 bds3 ba1,440 sqft - House for sale","1272 77th St, Brooklyn, NY 11228",https://www.zillow.com/homedetails/1272-77th-St-Brooklyn-NY-11228/30707024_zpid/
44,"$265,000","3 bds1 ba1,050 sqft - Condo for sale","2209 Knapp St APT 3F, Brooklyn, NY 11229",https://www.zillow.com/homedetails/2209-Knapp-St-APT-3F-Brooklyn-NY-11229/244998229_zpid/
45,"$1,100,000","4 bds2 ba2,640 sqft - House for sale","2137 67th St, Brooklyn, NY 11204",https://www.zillow.com/homedetails/2137-67th-St-Brooklyn-NY-11204/30682566_zpid/
46,"$958,000","3 bds2 ba1,360 sqft - House for sale","1925 Haring St, Brooklyn, NY 11229",https://www.zillow.com/homedetails/1925-Haring-St-Brooklyn-NY-11229/30742714_zpid/
47,"$1,299,000","6 bds2 ba2,160 sqft - Multi-family home for sale","149 Lefferts Avenue, Prospect Lefferts Gardens, NY 11225",https://www.zillow.com/homedetails/149-Lefferts-Ave-Brooklyn-NY-11225/30595204_zpid/
48,"$279,000",2 bds1 ba-- sqft - Condo for sale,"1165 E 54th St APT 3A, Brooklyn, NY 11234",https://www.zillow.com/homedetails/1165-E-54th-St-APT-3A-Brooklyn-NY-11234/245057001_zpid/
49,"$775,000","4 bds3 ba1,767 sqft - Multi-family home for sale","1403 Troy Ave, Brooklyn, NY 11203",https://www.zillow.com/homedetails/1403-Troy-Ave-Brooklyn-NY-11203/30663494_zpid/
50,"$525,000","1 bd1 ba5,500 sqft - Condo for sale","85 8th Ave #4, Brooklyn, NY 11215",https://www.zillow.com/homedetails/85-8th-Ave-4-Brooklyn-NY-11215/30586862_zpid/
51,"$1,799,000","3 bds3 ba1,552 sqft - Townhouse for sale","150 78th St, Brooklyn, NY 11209",https://www.zillow.com/homedetails/150-78th-St-Brooklyn-NY-11209/30696762_zpid/
52,"$4,575,000","3 bds3 ba1,814 sqft - Condo for sale","115 York St PENTHOUSE 20D, Brooklyn, NY 11201",https://www.zillow.com/homedetails/115-York-St-PENTHOUSE-20D-Brooklyn-NY-11201/2060656898_zpid/
53,"$1,150,000","4 bds4 ba2,430 sqft - Multi-family home for sale","2219 E 27th St, Brooklyn, NY 11229",https://www.zillow.com/homedetails/2219-E-27th-St-Brooklyn-NY-11229/30746304_zpid/
54,"$2,998,000","4 bds4 ba3,600 sqft - House for sale","64 87th St, Brooklyn, NY 11209",https://www.zillow.com/homedetails/64-87th-St-Brooklyn-NY-11209/30699866_zpid/
55,"$3,500,000","4 bds5 ba3,432 sqft - House for sale","7422 14th Ave, Brooklyn, NY 11228",https://www.zillow.com/homedetails/7422-14th-Ave-Brooklyn-NY-11228/30705444_zpid/
56,"$3,750,000","8 bds5 ba7,480 sqft - House for sale","1806 Ditmas Ave, Brooklyn, NY 11226",https://www.zillow.com/homedetails/1806-Ditmas-Ave-Brooklyn-NY-11226/30669024_zpid/
57,"$8,450,000","6 bds6 ba5,003 sqft - Townhouse for sale","282 Garfield Pl, Brooklyn, NY 11215",https://www.zillow.com/homedetails/282-Garfield-Pl-Brooklyn-NY-11215/30587214_zpid/
58,"$8,450,000","12 bds9 ba7,372 sqft - House for sale","151 Columbia Hts, Brooklyn, NY 11201",https://www.zillow.com/homedetails/151-Columbia-Hts-Brooklyn-NY-11201/2105623452_zpid/
59,"$2,499,000","5 bds5 ba2,592 sqft - House for sale","540 E 23rd St, Brooklyn, NY 11210",https://www.zillow.com/homedetails/540-E-23rd-St-Brooklyn-NY-11210/142926331_zpid/
60,"$1,799,000","3 bds3 ba1,552 sqft - Townhouse for sale","150 78th St, Brooklyn, NY 11209",https://www.zillow.com/homedetails/150-78th-St-Brooklyn-NY-11209/30696762_zpid/
61,"$14,975,000","3 bds5 ba4,000 sqft - House for sale","12 College Pl, Brooklyn, NY 11201",https://www.zillow.com/homedetails/12-College-Pl-Brooklyn-NY-11201/2062647411_zpid/
62,"$465,000",2 bds1 ba-- sqft - Condo for sale,"876 Macon St APT 3B, Brooklyn, NY 11233",https://www.zillow.com/homedetails/876-Macon-St-APT-3B-Brooklyn-NY-11233/2123384643_zpid/
63,"$1,088,000","4 bds2 ba1,527 sqft - House for sale","2178 West St, Brooklyn, NY 11223",https://www.zillow.com/homedetails/2178-West-St-Brooklyn-NY-11223/143003557_zpid/
64,"$10,800,000","5 bds6 ba4,544 sqft - Condo for sale","50 Bridge Park Dr #22AB, Brooklyn, NY 11201",https://www.zillow.com/homedetails/50-Bridge-Park-Dr-22AB-Brooklyn-NY-11201/2060927182_zpid/
65,"$1,599,000","5 bds5 ba2,500 sqft - House for sale","1445 E 26th St, Brooklyn, NY 11210",https://www.zillow.com/homedetails/1445-E-26th-St-Brooklyn-NY-11210/30755642_zpid/
66,"$1,288,000","11 bds6 ba5,280 sqft - Multi-family home for sale","1885 W 9th St, Brooklyn, NY 11223",https://www.zillow.com/homedetails/1885-W-9th-St-Brooklyn-NY-11223/2061311912_zpid/
67,"$399,000",1 bd1 ba422 sqft - Condo for sale,"662 4th Ave APT 4F, Brooklyn, NY 11232",https://www.zillow.com/homedetails/662-4th-Ave-APT-4F-Brooklyn-NY-11232/30573785_zpid/
68,"$8,950,000","Studio 4 ba5,713 sqft - House for sale","47 E 4th St, Brooklyn, NY 11218",https://www.zillow.com/homedetails/47-E-4th-St-Brooklyn-NY-11218/30671173_zpid/
69,"$12,000,000","50 bds50 ba22,035 sqft - New construction","8820 Avenue J, Canarsie, NY 11236",https://www.zillow.com/homedetails/8820-Avenue-J-Brooklyn-NY-11236/30770095_zpid/
70,"$1,099,000","4 bds2 ba1,732 sqft - Multi-family home for sale","1660 65th St, Brooklyn, NY 11204",https://www.zillow.com/homedetails/1660-65th-St-Brooklyn-NY-11204/30681854_zpid/
71,"$119,000",1 bd1 ba360 sqft - Condo for sale,"1558 E 19th St APT 4E, Brooklyn, NY 11230",https://www.zillow.com/homedetails/1558-E-19th-St-APT-4E-Brooklyn-NY-11230/245035469_zpid/
72,"$2,500,000","4 bds3 ba2,100 sqft - House for sale","37 Fuller Pl, Brooklyn, NY 11215",https://www.zillow.com/homedetails/37-Fuller-Pl-Brooklyn-NY-11215/30589157_zpid/
73,"$400,000",Studio 1 ba400 sqft - Condo for sale,"78 8th Ave APT 3F, Brooklyn, NY 11215",https://www.zillow.com/homedetails/78-8th-Ave-APT-3F-Brooklyn-NY-11215/82384176_zpid/
74,"$620,000","3 bds1 ba1,296 sqft - House for sale","2028 E 55th St, Brooklyn, NY 11234",https://www.zillow.com/homedetails/2028-E-55th-St-Brooklyn-NY-11234/30787007_zpid/
75,"$2,995,000","4 bds4 ba2,630 sqft - Multi-family home for sale","348 Grand Ave, Brooklyn, NY 11238",https://www.zillow.com/homedetails/348-Grand-Ave-Brooklyn-NY-11238/30613376_zpid/
76,"$268,000",1 bd1 ba650 sqft - Condo for sale,"8201 19th Ave APT D10, Brooklyn, NY 11214",https://www.zillow.com/homedetails/8201-19th-Ave-APT-D10-Brooklyn-NY-11214/245057349_zpid/
77,"$2,200,000","6 bds6 ba3,744 sqft - Multi-family home for sale","1256 President St, Brooklyn, NY 11225",https://www.zillow.com/homedetails/1256-President-St-Brooklyn-NY-11225/30593843_zpid/
78,"$233,333",2 bds1 ba850 sqft - Condo for sale,"2038 58th St #128C, Brooklyn, NY 11234",https://www.zillow.com/homedetails/2038-58th-St-128C-Brooklyn-NY-11234/2062199135_zpid/
79,"$1,250,000","10 bds6 ba4,500 sqft - Multi-family home for sale","247 Senator St #1, Brooklyn, NY 11220",https://www.zillow.com/homedetails/247-Senator-St-1-Brooklyn-NY-11220/2065760288_zpid/
80,"$699,000",2 bds2 ba-- sqft - Condo for sale,"2025 Ocean Ave APT 7B, Brooklyn, NY 11230",https://www.zillow.com/homedetails/2025-Ocean-Ave-APT-7B-Brooklyn-NY-11230/2060424793_zpid/
81,"$269,000",2 bds1 ba967 sqft - Condo for sale,"10 E 43rd St APT 5E, Brooklyn, NY 11203",https://www.zillow.com/homedetails/10-E-43rd-St-APT-5E-Brooklyn-NY-11203/245015891_zpid/
82,"$848,000",3 bds2 ba-- sqft - Multi-family home for sale,"2382 Brigham Street, Sheepshead Bay, NY 11229",https://www.zillow.com/homedetails/2382-Brigham-St-Brooklyn-NY-11229/30747501_zpid/
83,"$1,429,000","5 bds3 ba2,080 sqft - Multi-family home for sale","950 71st St, Brooklyn, NY 11228",https://www.zillow.com/homedetails/950-71st-St-Brooklyn-NY-11228/30693778_zpid/
84,"$2,495,000","5 bds3 ba3,120 sqft - Multi-family home for sale","336 Park Pl, Brooklyn, NY 11238",https://www.zillow.com/homedetails/336-Park-Pl-Brooklyn-NY-11238/30590488_zpid/
85,"$3,500,000","4 bds4 ba2,920 sqft - Multi-family home for sale","330B President St, Brooklyn, NY 11231",https://www.zillow.com/homedetails/330B-President-St-Brooklyn-NY-11231/2060943500_zpid/
86,"$974,999","3 bds2 ba1,384 sqft - House for sale","1175 86th Street, Dyker Heights, NY 11228",https://www.zillow.com/homedetails/1175-86th-St-Brooklyn-NY-11228/30711199_zpid/
87,"$2,499,000","4 bds5 ba4,600 sqft - House for sale","8 Whitman Dr, Brooklyn, NY 11234",https://www.zillow.com/homedetails/8-Whitman-Dr-Brooklyn-NY-11234/30788219_zpid/
88,"$499,000",3 bds2 ba-- sqft - House for sale,"1065 Hendrix Street, East New York, NY 11207",https://www.zillow.com/homedetails/1065-Hendrix-St-Brooklyn-NY-11207/30648806_zpid/
89,"$499,000",1 bd1 ba519 sqft - Multi-family home for sale,"467 Tompkins Ave #3A, Brooklyn, NY 11216",https://www.zillow.com/homedetails/467-Tompkins-Ave-3A-Brooklyn-NY-11216/2060501899_zpid/
90,"$437,000","2 bds2 ba1,200 sqft - Condo for sale","1625 E 13th St APT 6D, Brooklyn, NY 11229",https://www.zillow.com/homedetails/1625-E-13th-St-APT-6D-Brooklyn-NY-11229/245035826_zpid/
91,"$4,250,000","3 bds4 ba2,750 sqft - Townhouse for sale","152 Willow St, Brooklyn, NY 11201",https://www.zillow.com/homedetails/152-Willow-St-Brooklyn-NY-11201/122027001_zpid/
92,"$849,000","4 bds4 ba2,100 sqft - House for sale","2684 E 63rd St, Brooklyn, NY 11234",https://www.zillow.com/homedetails/2684-E-63rd-St-Brooklyn-NY-11234/30788743_zpid/
93,"$295,000","2 bds1 ba1,000 sqft - Condo for sale","702 Kathleen Pl APT 2D, Brooklyn, NY 11235",https://www.zillow.com/homedetails/702-Kathleen-Pl-APT-2D-Brooklyn-NY-11235/245049495_zpid/
94,"$749,000","6 bds6 ba1,452 sqft - Multi-family home for sale","720 E 89th St, Brooklyn, NY 11236",https://www.zillow.com/homedetails/720-E-89th-St-Brooklyn-NY-11236/55677584_zpid/
95,"$1,498,888","5 bds2 ba2,080 sqft - Multi-family home for sale","518 62nd St, Brooklyn, NY 11220",https://www.zillow.com/homedetails/518-62nd-St-Brooklyn-NY-11220/30691084_zpid/
96,"$1,995,000","2 bds2 ba1,380 sqft - Condo for sale","58 Strong Pl APT 3F, Brooklyn, NY 11231",https://www.zillow.com/homedetails/58-Strong-Pl-APT-3F-Brooklyn-NY-11231/2060619857_zpid/
97,"$4,999,000","6 bds4 ba4,202 sqft - Multi-family home for sale","540 2nd St, Brooklyn, NY 11215",https://www.zillow.com/homedetails/540-2nd-St-Brooklyn-NY-11215/142816219_zpid/
98,"$359,000",2 bds1 ba900 sqft - Condo for sale,"2928 W 5th St APT 9F, Brooklyn, NY 11224",https://www.zillow.com/homedetails/2928-W-5th-St-APT-9F-Brooklyn-NY-11224/245006934_zpid/
99,"$1,199,000",2 bds2 ba960 sqft - Condo for sale,"87 Lafayette Ave APT 1, Brooklyn, NY 11217",https://www.zillow.com/homedetails/87-Lafayette-Ave-APT-1-Brooklyn-NY-11217/64527921_zpid/
100,"$1,995,000","4 bds4 ba2,380 sqft - Multi-family home for sale","176 Terrace Pl, Brooklyn, NY 11218",https://www.zillow.com/homedetails/176-Terrace-Pl-Brooklyn-NY-11218/30670434_zpid/
101,"$1,385,000","4 bds3 ba2,295 sqft - Multi-family home for sale","789 Lexington Ave, Brooklyn, NY 11221",https://www.zillow.com/homedetails/789-Lexington-Ave-Brooklyn-NY-11221/30603018_zpid/
102,"$1,499,000","5 bds3 ba2,200 sqft - Multi-family home for sale","25 72nd St, Brooklyn, NY 11209",https://www.zillow.com/homedetails/25-72nd-St-Brooklyn-NY-11209/30693162_zpid/
103,"$3,999,999","8 bds10 ba5,700 sqft - Apartment for sale","1325 Prospect Pl #A, Brooklyn, NY 11213",https://www.zillow.com/homedetails/1325-Prospect-Pl-A-Brooklyn-NY-11213/2067950125_zpid/
104,"$600,000","4 bds2 ba1,600 sqft - Condo for sale","3130 Brighton 6 St #5K, Brooklyn, NY 11235",https://www.zillow.com/homedetails/3130-Brighton-6-St-5K-Brooklyn-NY-11235/2063190194_zpid/
105,"$1,580,000","4 bds2 ba1,980 sqft - House for sale","2814 Avenue R, Brooklyn, NY 11229",https://www.zillow.com/homedetails/2814-Avenue-R-Brooklyn-NY-11229/30728859_zpid/
106,"$474,900","3 bds2 ba1,344 sqft - House for sale","1614 E 96th St, Brooklyn, NY 11236",https://www.zillow.com/homedetails/1614-E-96th-St-Brooklyn-NY-11236/30779145_zpid/
107,"$1,799,000","5 bds3 ba3,663 sqft - Multi-family home for sale","700 Park Pl, Brooklyn, NY 11216",https://www.zillow.com/homedetails/700-Park-Pl-Brooklyn-NY-11216/30592109_zpid/
108,"$350,000",Studio 1 ba-- sqft - Condo for sale,"52 Orange St #15, Brooklyn, NY 11201",https://www.zillow.com/homedetails/52-Orange-St-15-Brooklyn-NY-11201/2061472611_zpid/
109,"$550,000","2 bds1 ba1,200 sqft - Condo for sale","2375 Ocean Ave APT 2H, Brooklyn, NY 11229",https://www.zillow.com/homedetails/2375-Ocean-Ave-APT-2H-Brooklyn-NY-11229/114440412_zpid/
110,"$250,000",Studio 1 ba-- sqft - Condo for sale,"1453 E 108th Street UNIT 3A, Canarsie, NY 11236",https://www.zillow.com/homedetails/1453-E-108th-St-APT-3A-Brooklyn-NY-11236/30777829_zpid/
111,"$1,495,000","6 bds6 ba4,125 sqft - Multi-family home for sale","266 Eckford St #H, Brooklyn, NY 11222",https://www.zillow.com/homedetails/266-Eckford-St-H-Brooklyn-NY-11222/2061176055_zpid/
112,"$428,000",4 bds1 ba900 sqft - Condo for sale,"420 44th St #4, Brooklyn, NY 11220",https://www.zillow.com/homedetails/420-44th-St-4-Brooklyn-NY-11220/2065399236_zpid/
113,"$1,750,000","3 bds4 ba2,472 sqft - House for sale","216 Dover St, Brooklyn, NY 11235",https://www.zillow.com/homedetails/216-Dover-St-Brooklyn-NY-11235/30790873_zpid/
114,"$1,950,000","4 bds4 ba3,338 sqft - House for sale","28 Shore Rd, Brooklyn, NY 11209",https://www.zillow.com/homedetails/28-Shore-Rd-Brooklyn-NY-11209/2070501969_zpid/
115,"$649,999",1 bd1 ba-- sqft - Condo for sale,"166 State St APT 14A, Brooklyn, NY 11201",https://www.zillow.com/homedetails/166-State-St-APT-14A-Brooklyn-NY-11201/79727000_zpid/
116,"$745,000","3 bds2 ba1,232 sqft - House for sale","2120 E 37th St, Brooklyn, NY 11234",https://www.zillow.com/homedetails/2120-E-37th-St-Brooklyn-NY-11234/30786504_zpid/
117,"$685,000","4 bds2 ba1,123 sqft - House for sale","106 Just Ct, Brooklyn, NY 11229",https://www.zillow.com/homedetails/106-Just-Ct-Brooklyn-NY-11229/30793646_zpid/
118,"$699,999","4 bds3 ba2,100 sqft - Multi-family home for sale","599 Pine St, Brooklyn, NY 11208",https://www.zillow.com/homedetails/599-Pine-St-Brooklyn-NY-11208/30646298_zpid/
119,"$1,150,000",2 bds2 ba-- sqft - Condo for sale,"150 Joralemon St APT 12D, Brooklyn, NY 11201",https://www.zillow.com/homedetails/150-Joralemon-St-APT-12D-Brooklyn-NY-11201/79726188_zpid/
120,"$2,200,000","4 bds3 ba2,205 sqft - Multi-family home for sale","67 Adelphi St, Brooklyn, NY 11205",https://www.zillow.com/homedetails/67-Adelphi-St-Brooklyn-NY-11205/30615015_zpid/
121,"$3,695,000","4 bds3 ba3,050 sqft - Multi-family home for sale","483 13th St, Brooklyn, NY 11215",https://www.zillow.com/homedetails/483-13th-St-Brooklyn-NY-11215/30588362_zpid/
122,"$12,500,000","10 bds5 ba15,750 sqft - Multi-family home for sale","76 1st Pl, Brooklyn, NY 11231",https://www.zillow.com/homedetails/76-1st-Pl-Brooklyn-NY-11231/30570431_zpid/
123,"$1,539,000","4 bds3 ba1,767 sqft - Multi-family home for sale","1153 84th Street, Dyker Heights, NY 11228",https://www.zillow.com/homedetails/1153-84th-St-Brooklyn-NY-11228/30710038_zpid/
124,"$735,000","3 bds2 ba1,120 sqft - House for sale","1606 Albany Ave, Brooklyn, NY 11210",https://www.zillow.com/homedetails/1606-Albany-Ave-Brooklyn-NY-11210/30757941_zpid/
125,"$5,495,000","4 bds4 ba3,293 sqft - Condo for sale","185 Plymouth St APT 4S, Brooklyn, NY 11201",https://www.zillow.com/homedetails/185-Plymouth-St-APT-4S-Brooklyn-NY-11201/2095605311_zpid/
126,"$1,500,000","7 bds3 ba2,331 sqft - Multi-family home for sale","420A Kosciuszko St, Brooklyn, NY 11221",https://www.zillow.com/homedetails/420A-Kosciuszko-St-Brooklyn-NY-11221/30602288_zpid/
127,"$3,450,000","2 bds3 ba1,424 sqft - Condo for sale","115 York St PENTHOUSE 21D, Brooklyn, NY 11201",https://www.zillow.com/homedetails/115-York-St-PENTHOUSE-21D-Brooklyn-NY-11201/2060525626_zpid/
128,"$614,900","4 bds2 ba2,240 sqft - Multi-family home for sale","3036 Brighton 3rd St, Brooklyn, NY 11235",https://www.zillow.com/homedetails/3036-Brighton-3rd-St-Brooklyn-NY-11235/30789498_zpid/
129,"$499,000",2 bds1 ba996 sqft - Condo for sale,"2116 Dorchester Rd APT 3J, Brooklyn, NY 11226",https://www.zillow.com/homedetails/2116-Dorchester-Rd-APT-3J-Brooklyn-NY-11226/2093101608_zpid/
130,"$2,075,000","6 bds4 ba3,600 sqft - Multi-family home for sale","551 Madison St, Brooklyn, NY 11221",https://www.zillow.com/homedetails/551-Madison-St-Brooklyn-NY-11221/300066358_zpid/
131,"$439,000","2 bds2 ba1,200 sqft - Condo for sale","2 W End Ave SUITE 1-H, Brooklyn, NY 11235",https://www.zillow.com/homedetails/2-W-End-Ave-SUITE-1-H-Brooklyn-NY-11235/245007321_zpid/
132,"$465,000","2 bds2 ba1,100 sqft - Condo for sale","1530 E 8th St APT 7L, Brooklyn, NY 11230",https://www.zillow.com/homedetails/1530-E-8th-St-APT-7L-Brooklyn-NY-11230/245050016_zpid/
133,"$1,299,000","2 bds2 ba2,140 sqft - Multi-family home for sale","578 20th St, Brooklyn, NY 11218",https://www.zillow.com/homedetails/578-20th-St-Brooklyn-NY-11218/30580685_zpid/
134,"$378,888","3 bds2 ba1,250 sqft - Condo for sale","2475 W 16th St APT 7H, Brooklyn, NY 11214",https://www.zillow.com/homedetails/2475-W-16th-St-APT-7H-Brooklyn-NY-11214/244998265_zpid/
135,"$1,950,000","-- bds4 ba3,000 sqft - Multi-family home for sale","1735 71st St, Brooklyn, NY 11204",https://www.zillow.com/homedetails/1735-71st-St-Brooklyn-NY-11204/30703394_zpid/
136,"$11,850,000","5 bds5 ba6,000 sqft - Townhouse for sale","104 Willow St, Brooklyn, NY 11201",https://www.zillow.com/homedetails/104-Willow-St-Brooklyn-NY-11201/30567435_zpid/
137,"$399,000",Studio 1 ba-- sqft - Condo for sale,"55 Eastern Pkwy APT 6F, Brooklyn, NY 11238",https://www.zillow.com/homedetails/55-Eastern-Pkwy-APT-6F-Brooklyn-NY-11238/245052467_zpid/
138,"$2,750,000","5 bds3 ba2,650 sqft - Townhouse for sale","48 Dikeman St, Brooklyn, NY 11231",https://www.zillow.com/homedetails/48-Dikeman-St-Brooklyn-NY-11231/30573444_zpid/
139,"$260,000",2 bds1 ba850 sqft - Condo for sale,"5818 Avenue T #155D, Brooklyn, NY 11234",https://www.zillow.com/homedetails/5818-Avenue-T-155D-Brooklyn-NY-11234/114409388_zpid/
140,"$500,000",1 bd1 ba620 sqft - Condo for sale,"893 Myrtle Ave APT 2B, Brooklyn, NY 11206",https://www.zillow.com/homedetails/893-Myrtle-Ave-APT-2B-Brooklyn-NY-11206/83049025_zpid/
141,"$4,295,000","4 bds3 ba2,461 sqft - Condo for sale","256 N 9th St PENTHOUSE 1, Brooklyn, NY 11211",https://www.zillow.com/homedetails/256-N-9th-St-PENTHOUSE-1-Brooklyn-NY-11211/2061508771_zpid/
142,"$670,000","1 bd1 ba448,000 sqft - Condo for sale","345 Clinton Ave APT 4A, Brooklyn, NY 11238",https://www.zillow.com/homedetails/345-Clinton-Ave-APT-4A-Brooklyn-NY-11238/245000836_zpid/
143,"$950,000","3 bds2 ba1,328 sqft - House for sale","1120 E 15th St, Brooklyn, NY 11230",https://www.zillow.com/homedetails/1120-E-15th-St-Brooklyn-NY-11230/30724998_zpid/
144,"$599,000",1 bd1 ba673 sqft - Condo for sale,"734 E 5th Ave #2, Brooklyn, NY 11232",https://www.zillow.com/homedetails/734-E-5th-Ave-2-Brooklyn-NY-11232/2061010329_zpid/
145,"$848,000","3 bds2 ba1,215 sqft - House for sale","1746 73rd St, Brooklyn, NY 11204",https://www.zillow.com/homedetails/1746-73rd-St-Brooklyn-NY-11204/30705060_zpid/
146,"$435,000","2 bds1 ba1,000 sqft - Condo for sale","9425 Shore Rd APT 3A, Brooklyn, NY 11209",https://www.zillow.com/homedetails/9425-Shore-Rd-APT-3A-Brooklyn-NY-11209/89664689_zpid/
147,"$1,800,000","3 bds2 ba1,684 sqft - House for sale","654 Jefferson Ave, Brooklyn, NY 11221",https://www.zillow.com/homedetails/654-Jefferson-Ave-Brooklyn-NY-11221/30604500_zpid/
148,"$189,000",Studio 1 ba320 sqft - Condo for sale,"160 72nd St APT 714, Brooklyn, NY 11209",https://www.zillow.com/homedetails/160-72nd-St-APT-714-Brooklyn-NY-11209/84074264_zpid/
149,"$1,649,900","4 bds4 ba2,600 sqft - House for sale","156 Oxford St, Brooklyn, NY 11235",https://www.zillow.com/homedetails/156-Oxford-St-Brooklyn-NY-11235/30791360_zpid/
150,"$3,995,000","5 bds6 ba5,893 sqft - House for sale","921 Oriental Blvd, Brooklyn, NY 11235",https://www.zillow.com/homedetails/921-Oriental-Blvd-Brooklyn-NY-11235/30791088_zpid/
151,"$1,499,000","5 bds2 ba2,600 sqft - House for sale","769 Argyle Rd, Brooklyn, NY 11230",https://www.zillow.com/homedetails/769-Argyle-Rd-Brooklyn-NY-11230/30723767_zpid/
152,"$879,000",2 bds1 ba-- sqft - Condo for sale,"160 Garfield Pl APT 3L, Brooklyn, NY 11215",https://www.zillow.com/homedetails/160-Garfield-Pl-APT-3L-Brooklyn-NY-11215/245021080_zpid/
153,"$399,999",1 bd1 ba870 sqft - Condo for sale,"668 Broadway APT 11, Brooklyn, NY 11206",https://www.zillow.com/homedetails/668-Broadway-APT-11-Brooklyn-NY-11206/2088005957_zpid/
154,"$990,000","3 bds2 ba1,368 sqft - House for sale","184 73rd St, Brooklyn, NY 11209",https://www.zillow.com/homedetails/184-73rd-St-Brooklyn-NY-11209/30694470_zpid/
155,"$628,000","2 bds2 ba1,042 sqft - Condo for sale","3041 Brighton 2nd St APT 1B, Brooklyn, NY 11235",https://www.zillow.com/homedetails/3041-Brighton-2nd-St-APT-1B-Brooklyn-NY-11235/119903057_zpid/
156,"$605,000","3 bds3 ba1,120 sqft - House for sale","328 Berriman St, Brooklyn, NY 11208",https://www.zillow.com/homedetails/328-Berriman-St-Brooklyn-NY-11208/30640264_zpid/
157,"$999,000","4 bds2 ba1,600 sqft - Multi-family home for sale","2221 W 5th St, Brooklyn, NY 11223",https://www.zillow.com/homedetails/2221-W-5th-St-Brooklyn-NY-11223/30737604_zpid/
158,"$599,000","4 bds3 ba1,500 sqft - House for sale","877 Glenmore Ave, Brooklyn, NY 11208",https://www.zillow.com/homedetails/877-Glenmore-Ave-Brooklyn-NY-11208/30638834_zpid/
159,"$1,999,999","5 bds4 ba2,196 sqft - Multi-family home for sale","43 Powers St, Brooklyn, NY 11211",https://www.zillow.com/homedetails/43-Powers-St-Brooklyn-NY-11211/30623275_zpid/
160,"$4,095,000","2 bds4 ba4,800 sqft - Townhouse for sale","183 Concord St, Brooklyn, NY 11201",https://www.zillow.com/homedetails/183-Concord-St-Brooklyn-NY-11201/2106560385_zpid/
161,"$219,000",1 bd1 ba560 sqft - Condo for sale,"1855 E 12th St APT 5N, Brooklyn, NY 11229",https://www.zillow.com/homedetails/1855-E-12th-St-APT-5N-Brooklyn-NY-11229/79716932_zpid/
162,"$1,135,000",2 bds2 ba-- sqft - Condo for sale,"344 De Graw St #4A, Brooklyn, NY 11231",https://www.zillow.com/homedetails/344-De-Graw-St-4A-Brooklyn-NY-11231/2061584333_zpid/
163,"$329,000",1 bd1 ba850 sqft - Condo for sale,"909 E 29th St APT 3F, Brooklyn, NY 11210",https://www.zillow.com/homedetails/909-E-29th-St-APT-3F-Brooklyn-NY-11210/79982475_zpid/
164,"$628,000","2 bds2 ba1,042 sqft - Condo for sale","3041 Brighton 2 St #1B, Brooklyn, NY 11235",https://www.zillow.com/homedetails/3041-Brighton-2-St-1B-Brooklyn-NY-11235/2120272314_zpid/
165,"$370,000","2 bds1 ba1,000 sqft - Condo for sale","2652 Cropsey Ave APT 12F, Brooklyn, NY 11214",https://www.zillow.com/homedetails/2652-Cropsey-Ave-APT-12F-Brooklyn-NY-11214/2060843595_zpid/
166,"$449,000",1 bd1 ba472 sqft - Condo for sale,"1759 Bay Ridge Pkwy APT 2A, Brooklyn, NY 11204",https://www.zillow.com/homedetails/1759-Bay-Ridge-Pkwy-APT-2A-Brooklyn-NY-11204/2060523364_zpid/
167,"$809,000","3 bds1 ba1,330 sqft - House for sale","633 92nd St, Brooklyn, NY 11228",https://www.zillow.com/homedetails/633-92nd-St-Brooklyn-NY-11228/30701094_zpid/
168,"$699,995","3 bds2 ba1,280 sqft - Multi-family home for sale","3906 Clarendon Rd, Brooklyn, NY 11203",https://www.zillow.com/homedetails/3906-Clarendon-Rd-Brooklyn-NY-11203/30661708_zpid/
169,"$539,000",3 bds2 ba788 sqft - House for sale,"1747 Albany Ave, Brooklyn, NY 11210",https://www.zillow.com/homedetails/1747-Albany-Ave-Brooklyn-NY-11210/30758611_zpid/
170,"$399,000","3 bds1 ba1,100 sqft - Condo for sale","2427 E 29th St APT 6E, Brooklyn, NY 11235",https://www.zillow.com/homedetails/2427-E-29th-St-APT-6E-Brooklyn-NY-11235/245024754_zpid/
